Model,Quantization,Set,GR-EN,EN-GR,Global,T/S_GR_EN,T/S_EN_GR,RAM_GB,VRAM_GB
NLLB 3.3B,Fp4 AWQ,1,0.8871,0.8946,0.8908,2.0916,2.999,5.07,2.38
NLLB 3.3B,Fp4 AWQ,2,0.8776,0.892,0.8848,2.1989,3.2097,5.79,2.38
NLLB 3.3B,Fp4 AWQ,3,0.882,0.8872,0.8846,2.0863,2.8716,5.83,2.38
NLLB 3.3B,Int4 AWQ,1,0.8875,0.8968,0.8921,2.1143,2.9336,5.18,2.38
NLLB 3.3B,Int4 AWQ,2,0.8792,0.8877,0.8835,2.1549,3.0556,5.23,2.38
NLLB 3.3B,Int4 AWQ,3,0.8811,0.8842,0.8826,2.0305,2.9757,5.26,2.38
NLLB 3.3B,Int8 Bookends,1,0.8874,0.8958,0.8916,3.1152,4.3363,5.2,3.72
NLLB 3.3B,Int8 Bookends,2,0.8771,0.8899,0.8835,3.284,4.7122,5.55,3.72
NLLB 3.3B,Int8 Bookends,3,0.8825,0.8866,0.8846,3.084,4.5679,5.58,3.72
NLLB 3.3B,Fp4,1,0.8864,0.8937,0.8901,1.6708,2.3579,5.04,2.38
NLLB 3.3B,Fp4,2,0.8779,0.8911,0.8845,1.7041,2.3589,5.14,2.38
NLLB 3.3B,Fp4,3,0.8814,0.8865,0.8839,1.6513,2.4071,5.14,2.38
NLLB 3.3B,Fp8,1,0.8875,0.8963,0.8919,1.6626,2.2936,5.3,3.62
NLLB 3.3B,Fp8,2,0.8774,0.8895,0.8835,1.7385,2.4986,5.74,3.62
NLLB 3.3B,Fp8,3,0.8838,0.8837,0.8837,1.6539,2.4124,5.83,3.62
NLLB 3.3B,Fp8 Per Tensor,1,0.888,0.8925,0.8902,1.6849,2.3034,4.89,3.61
NLLB 3.3B,Fp8 Per Tensor,2,0.8771,0.886,0.8815,1.7571,2.489,4.96,3.61
NLLB 3.3B,Fp8 Per Tensor,3,0.8825,0.8841,0.8833,1.6484,2.4282,4.96,3.61
NLLB 3.3B,Full Model,1,0.8652,0.8986,0.8819,0.4901,0.6662,4.98,12.48
NLLB 3.3B,Full Model,2,0.8635,0.8898,0.8766,0.5031,0.694,5.08,12.48
NLLB 3.3B,Full Model,3,0.867,0.8864,0.8767,0.4542,0.6463,5.08,12.48
NLLB 3.3B,4bit Static GPTQ,1,0.8872,0.8922,0.8897,1.7196,2.4576,4.96,2.4
NLLB 3.3B,4bit Static GPTQ,2,0.876,0.8867,0.8813,1.7422,2.4157,5.4,2.4
NLLB 3.3B,4bit Static GPTQ,3,0.8848,0.8825,0.8837,1.664,2.4732,6.29,2.4
NLLB 3.3B,4bit Optimized GPTQ,1,0.8873,0.8936,0.8904,1.6367,2.2741,5.4,2.4
NLLB 3.3B,4bit Optimized GPTQ,2,0.8795,0.8842,0.8819,1.8052,2.5877,6.36,2.4
NLLB 3.3B,4bit Optimized GPTQ,3,0.8848,0.8839,0.8843,1.6972,2.4849,6.36,2.4
NLLB 3.3B,4bit True GPTQ,1,0.8875,0.897,0.8923,1.6675,2.298,5.15,2.4
NLLB 3.3B,4bit True GPTQ,2,0.8762,0.8906,0.8834,1.7523,2.5439,5.65,2.4
NLLB 3.3B,4bit True GPTQ,3,0.8817,0.8844,0.8831,1.6405,2.4395,5.69,2.4
NLLB 3.3B,Int2 Batch16,1,0.8445,0.8224,0.8335,1.626,2.1195,5.34,1.75
NLLB 3.3B,Int2 Batch16,2,0.8433,0.8133,0.8283,1.8087,2.1861,5.63,1.75
NLLB 3.3B,Int2 Batch16,3,0.8466,0.8172,0.8319,1.5987,2.0937,5.64,1.75
NLLB 3.3B,Int4,1,0.8864,0.8944,0.8904,1.5542,2.2022,5.06,2.4
NLLB 3.3B,Int4,2,0.8809,0.8915,0.8862,1.609,2.2079,5.14,2.4
NLLB 3.3B,Int4,3,0.8836,0.8878,0.8857,1.5063,2.2084,5.17,2.4
NLLB 3.3B,Int8,1,0.8869,0.896,0.8915,1.5172,2.1437,5.32,3.72
NLLB 3.3B,Int8,2,0.8778,0.8889,0.8833,1.5759,2.249,5.86,3.72
NLLB 3.3B,Int8,3,0.8812,0.8855,0.8833,1.4634,2.0573,5.91,3.72
NLLB 3.3B,Int8 A8W8,1,0.8874,0.8962,0.8918,3.1115,4.4078,6.02,3.72
NLLB 3.3B,Int8 A8W8,2,0.8771,0.889,0.883,3.2108,4.49,6.51,3.72
NLLB 3.3B,Int8 A8W8,3,0.8821,0.888,0.885,3.0058,4.4245,6.51,3.72
NLLB 3.3B,Nf4,1,0.8876,0.8927,0.8902,1.7012,2.3223,5.14,2.38
NLLB 3.3B,Nf4,2,0.8754,0.8917,0.8835,1.7412,2.4842,5.86,2.38
NLLB 3.3B,Nf4,3,0.8828,0.8853,0.8841,1.6658,2.4064,5.91,2.38
NLLB 3.3B,4bit Omniquant,1,0.8861,0.8946,0.8904,1.9793,2.7747,4.88,2.38
NLLB 3.3B,4bit Omniquant,2,0.8787,0.8882,0.8835,2.0017,2.7337,4.95,2.38
NLLB 3.3B,4bit Omniquant,3,0.8796,0.8837,0.8817,1.8829,2.7611,4.96,2.38
NLLB 3.3B,4bit Spinquant,1,0.8875,0.8955,0.8915,2.0007,2.7616,5.28,3.32
NLLB 3.3B,4bit Spinquant,2,0.877,0.8874,0.8822,2.0657,2.9492,5.3,3.32
NLLB 3.3B,4bit Spinquant,3,0.8799,0.8812,0.8806,1.9525,2.9187,5.3,3.32
NLLB 3.3B,2bit 1% Spqr,1,0.8683,0.8391,0.8537,2.5642,3.2708,5.13,1.91
NLLB 3.3B,2bit 1% Spqr,2,0.8565,0.8522,0.8543,2.6463,3.497,5.26,1.91
NLLB 3.3B,2bit 1% Spqr,3,0.8626,0.8417,0.8522,2.4906,3.3808,5.26,1.91
NLLB 3.3B,2bit 10% Fast Spqr,1,0.8771,0.8851,0.8811,2.2615,3.119,5.15,3.37
NLLB 3.3B,2bit 10% Fast Spqr,2,0.8741,0.8803,0.8772,2.3367,3.1435,5.42,3.37
NLLB 3.3B,2bit 10% Fast Spqr,3,0.8798,0.8775,0.8787,2.2087,3.1958,5.43,3.37
NLLB 3.3B,4bit K-Means,1,0.8875,0.8905,0.889,1.6764,2.4176,4.93,2.3
NLLB 3.3B,4bit K-Means,2,0.8732,0.8876,0.8804,1.7367,2.4819,4.98,2.3
NLLB 3.3B,4bit K-Means,3,0.885,0.8834,0.8842,1.6448,2.3909,5.03,2.3
NLLB 3.3B,Analytical Net Mngr 2.2GB,1,0.8847,0.8919,0.8883,2.0572,2.7074,5.07,2.16
NLLB 3.3B,Analytical Net Mngr 2.2GB,2,0.8742,0.8907,0.8824,2.0882,2.9542,5.09,2.16
NLLB 3.3B,Analytical Net Mngr 2.2GB,3,0.8783,0.8785,0.8784,1.969,2.8677,5.11,2.16
NLLB 3.3B,Empirical Net Mngr 2GB,1,0.8743,0.8845,0.8794,2.1161,2.837,5.18,1.96
NLLB 3.3B,Empirical Net Mngr 2GB,2,0.8647,0.8793,0.872,2.1683,2.999,5.26,1.96
NLLB 3.3B,Empirical Net Mngr 2GB,3,0.8685,0.8714,0.87,2.0032,2.8255,5.27,1.96
Llama Krikri 8B,Fp4 AWQ,1,0.8875,0.9137,0.9006,4.0893,5.1635,5.3,5.76
Llama Krikri 8B,Fp4 AWQ,2,0.8821,0.9011,0.8916,4.1382,5.3178,5.93,5.76
Llama Krikri 8B,Fp4 AWQ,3,0.8733,0.8947,0.884,3.8448,5.0323,5.96,5.76
Llama Krikri 8B,Int4 AWQ,1,0.8853,0.9105,0.8979,4.0135,4.8147,5.53,5.76
Llama Krikri 8B,Int4 AWQ,2,0.8763,0.9024,0.8894,4.1362,5.0175,6.08,5.76
Llama Krikri 8B,Int4 AWQ,3,0.8749,0.8963,0.8856,3.822,4.7801,6.13,5.76
Llama Krikri 8B,Int8 Bookends,1,0.8821,0.9082,0.8951,4.7617,6.1876,5.9,7.82
Llama Krikri 8B,Int8 Bookends,2,0.8808,0.9014,0.8911,4.9485,6.6808,5.97,7.82
Llama Krikri 8B,Int8 Bookends,3,0.8702,0.8979,0.8841,4.6235,6.3538,5.98,7.82
Llama Krikri 8B,Fp4,1,0.8846,0.909,0.8968,3.966,4.8413,5.29,5.75
Llama Krikri 8B,Fp4,2,0.8797,0.9021,0.8909,4.2167,5.0547,6.01,5.75
Llama Krikri 8B,Fp4,3,0.8774,0.898,0.8877,3.8189,4.7705,6.05,5.75
Llama Krikri 8B,Fp8,1,0.8867,0.9087,0.8977,4.1683,5.3688,5.23,8.78
Llama Krikri 8B,Fp8,2,0.8791,0.9019,0.8905,4.4118,5.7811,5.94,8.78
Llama Krikri 8B,Fp8,3,0.8772,0.897,0.8871,4.1158,5.3847,5.97,8.78
Llama Krikri 8B,Fp8 Per Tensor,1,0.8876,0.908,0.8978,4.1886,5.4506,5.28,8.78
Llama Krikri 8B,Fp8 Per Tensor,2,0.8804,0.9016,0.891,4.4483,5.7915,5.49,8.78
Llama Krikri 8B,Fp8 Per Tensor,3,0.8724,0.8955,0.884,4.1404,5.6644,5.58,8.78
Llama Krikri 8B,Full Model,1,0.8855,0.9092,0.8974,2.0792,2.6635,5.42,15.28
Llama Krikri 8B,Full Model,2,0.8795,0.9017,0.8906,2.2002,2.7947,5.94,15.28
Llama Krikri 8B,Full Model,3,0.8717,0.8983,0.885,2.0436,2.6337,5.98,15.28
Llama Krikri 8B,4bit Static GPTQ,1,0.8863,0.9066,0.8965,3.9676,4.8322,5.29,5.8
Llama Krikri 8B,4bit Static GPTQ,2,0.8751,0.9022,0.8886,4.1933,5.0555,5.54,5.8
Llama Krikri 8B,4bit Static GPTQ,3,0.8793,0.8929,0.8861,3.8435,4.7506,5.61,5.8
Llama Krikri 8B,4bit True GPTQ,1,0.8832,0.9086,0.8959,6.8521,8.9403,5.25,5.8
Llama Krikri 8B,4bit True GPTQ,2,0.8799,0.8984,0.8891,7.2452,9.4407,5.9,5.8
Llama Krikri 8B,4bit True GPTQ,3,0.8711,0.8956,0.8834,6.5958,8.6551,5.97,5.8
Llama Krikri 8B,4bit Optimized GPTQ,1,0.8828,0.9105,0.8966,7.1254,8.5219,5.19,5.8
Llama Krikri 8B,4bit Optimized GPTQ,2,0.8787,0.9008,0.8897,7.2518,9.0621,5.82,5.8
Llama Krikri 8B,4bit Optimized GPTQ,3,0.877,0.8948,0.8859,6.771,8.3372,5.85,5.8
Llama Krikri 8B,Int2 Batch16,1,0.6898,0.5411,0.6155,7.9641,6.334,6.99,4.82
Llama Krikri 8B,Int2 Batch16,2,0.6647,0.5142,0.5895,7.0677,6.2298,7.61,4.82
Llama Krikri 8B,Int2 Batch16,3,0.6592,0.5216,0.5904,8.0479,6.2715,7.64,4.82
Llama Krikri 8B,Int4,1,0.8847,0.9074,0.8961,3.9814,4.8983,5.25,5.8
Llama Krikri 8B,Int4,2,0.878,0.8984,0.8882,4.1696,5.1263,5.44,5.8
Llama Krikri 8B,Int4,3,0.8756,0.8982,0.8869,3.9004,4.8156,5.45,5.8
Llama Krikri 8B,Int8,1,0.8858,0.9088,0.8973,4.1818,5.336,6.38,8.93
Llama Krikri 8B,Int8,2,0.8791,0.9006,0.8899,4.449,5.6985,6.57,8.93
Llama Krikri 8B,Int8,3,0.8705,0.8972,0.8839,4.1266,5.3695,6.57,8.93
Llama Krikri 8B,Int8 A8W8,1,0.8856,0.9076,0.8966,4.469,5.8382,5.31,8.93
Llama Krikri 8B,Int8 A8W8,2,0.8799,0.9016,0.8907,4.7082,6.3168,5.52,8.93
Llama Krikri 8B,Int8 A8W8,3,0.8795,0.8974,0.8885,4.4007,5.8648,5.6,8.93
Llama Krikri 8B,4bit K-Means,1,0.8786,0.8889,0.8837,4.1159,5.5716,5.21,5.53
Llama Krikri 8B,4bit K-Means,2,0.8744,0.8659,0.8702,4.2499,5.7898,5.74,5.53
Llama Krikri 8B,4bit K-Means,3,0.8637,0.8795,0.8716,3.9828,5.4768,5.77,5.53
Llama Krikri 8B,Nf4,1,0.8837,0.9075,0.8956,4.0091,5.0906,5.28,5.63
Llama Krikri 8B,Nf4,2,0.88,0.9011,0.8905,4.2144,5.3989,5.3,5.63
Llama Krikri 8B,Nf4,3,0.8716,0.8925,0.8821,3.8435,5.0136,5.3,5.63
Llama Krikri 8B,4bit Omniquant,1,0.8849,0.9083,0.8966,3.9417,4.7836,5.22,5.76
Llama Krikri 8B,4bit Omniquant,2,0.8798,0.8985,0.8891,4.121,4.9986,5.39,5.76
Llama Krikri 8B,4bit Omniquant,3,0.8784,0.8954,0.8869,3.8226,4.711,5.39,5.76
Llama Krikri 8B,4bit Spinquant,1,0.6211,0.6793,0.6502,10.9645,13.7581,5.88,10.76
Llama Krikri 8B,4bit Spinquant,2,0.6268,0.6535,0.6401,10.559,13.3679,6.12,10.76
Llama Krikri 8B,4bit Spinquant,3,0.6262,0.6513,0.6388,10.2666,13.4291,6.14,10.76
Llama Krikri 8B,2bit 5% Spqr,1,0.6547,0.504,0.5794,13.3845,7.5935,6.44,6.13
Llama Krikri 8B,2bit 5% Spqr,2,0.6204,0.4861,0.5533,13.2959,7.7328,6.14,6.13
Llama Krikri 8B,2bit 5% Spqr,3,0.6423,0.4956,0.569,12.9837,7.9431,6.19,6.13
Llama Krikri 8B,2bit 10% Fast Spqr,1,0.8616,0.8279,0.8447,9.0691,8.5039,5.53,8.07
Llama Krikri 8B,2bit 10% Fast Spqr,2,0.8531,0.8201,0.8366,10.2181,8.8866,5.54,8.07
Llama Krikri 8B,2bit 10% Fast Spqr,3,0.8525,0.8236,0.8381,8.994,8.4071,5.59,8.07
Llama Krikri 8B,Analytical Net Mngr 4.5GB,1,0.3924,0.4204,0.4064,13.2029,13.5799,5.21,4.63
Llama Krikri 8B,Analytical Net Mngr 4.5GB,2,0.4145,0.408,0.4113,11.3256,13.1838,5.92,4.63
Llama Krikri 8B,Analytical Net Mngr 4.5GB,3,0.4014,0.4264,0.4139,13.4098,11.5978,5.95,4.63
Llama Krikri 8B,Empirical Net Mngr 5.5GB,1,0.8794,0.8977,0.8885,6.5462,7.5064,5.27,5.6
Llama Krikri 8B,Empirical Net Mngr 5.5GB,2,0.8719,0.8883,0.8801,6.4943,7.6714,5.29,5.6
Llama Krikri 8B,Empirical Net Mngr 5.5GB,3,0.8689,0.879,0.8739,6.3422,7.2957,5.29,5.6
Llama 3 8B,Fp4 AWQ,1,0.8644,0.8694,0.8669,10.0368,8.6614,5.29,5.44
Llama 3 8B,Fp4 AWQ,2,0.8606,0.8498,0.8552,11.1317,9.6796,5.54,5.44
Llama 3 8B,Fp4 AWQ,3,0.845,0.8516,0.8483,11.6174,8.6875,5.61,5.44
Llama 3 8B,Int4 AWQ,1,0.8744,0.8632,0.8688,7.3883,8.6576,5.3,5.44
Llama 3 8B,Int4 AWQ,2,0.8684,0.8598,0.8641,7.2899,8.9487,5.88,5.44
Llama 3 8B,Int4 AWQ,3,0.8607,0.8496,0.8552,7.3216,8.6844,5.9,5.44
Llama 3 8B,Fp4,1,0.8557,0.8658,0.8607,11.2654,8.1508,5.28,5.43
Llama 3 8B,Fp4,2,0.8637,0.8556,0.8596,11.5493,8.524,6.03,5.43
Llama 3 8B,Fp4,3,0.8497,0.8414,0.8455,12.7842,8.1221,6.06,5.43
Llama 3 8B,Int8 Bookends,1,0.8736,0.8813,0.8774,9.2243,9.6862,5.78,7.66
Llama 3 8B,Int8 Bookends,2,0.8719,0.8648,0.8683,9.9494,10.0479,6.23,7.66
Llama 3 8B,Int8 Bookends,3,0.8609,0.8614,0.8612,10.1327,9.442,6.02,7.66
Llama 3 8B,Fp8,1,0.8765,0.8853,0.8809,8.3873,8.9587,5.25,8.46
Llama 3 8B,Fp8,2,0.8715,0.8678,0.8696,8.1798,9.1351,5.49,8.46
Llama 3 8B,Fp8,3,0.8637,0.8588,0.8612,9.2541,8.6075,5.51,8.46
Llama 3 8B,Fp8 Per Tensor,1,0.8722,0.8816,0.8769,8.5487,8.771,5.28,8.46
Llama 3 8B,Fp8 Per Tensor,2,0.8712,0.8669,0.869,8.4603,8.919,5.38,8.46
Llama 3 8B,Fp8 Per Tensor,3,0.8616,0.8604,0.861,9.2173,8.6471,5.42,8.46
Llama 3 8B,Full Model,1,0.8775,0.8842,0.8808,2.1138,4.1066,5.37,14.96
Llama 3 8B,Full Model,2,0.8713,0.8604,0.8659,2.2353,4.2109,5.57,14.96
Llama 3 8B,Full Model,3,0.8631,0.8628,0.863,2.0713,3.9575,5.61,14.96
Llama 3 8B,4bit Static GPTQ,1,0.8716,0.8721,0.8719,6.5478,8.28,5.47,5.48
Llama 3 8B,4bit Static GPTQ,2,0.8703,0.8601,0.8652,7.2168,8.1817,6.21,5.48
Llama 3 8B,4bit Static GPTQ,3,0.8574,0.8549,0.8562,8.3161,7.7776,6.26,5.48
Llama 3 8B,4bit True GPTQ,1,0.8672,0.8754,0.8713,8.1727,8.4264,5.29,5.48
Llama 3 8B,4bit True GPTQ,2,0.8691,0.8635,0.8663,8.5295,8.5543,5.5,5.48
Llama 3 8B,4bit True GPTQ,3,0.8579,0.8592,0.8585,8.6203,7.9204,5.5,5.48
Llama 3 8B,4bit Optimized GPTQ,1,0.8651,0.859,0.862,9.8534,9.2938,5.28,5.48
Llama 3 8B,4bit Optimized GPTQ,2,0.8619,0.8548,0.8584,10.2695,8.5735,5.45,5.48
Llama 3 8B,4bit Optimized GPTQ,3,0.8519,0.852,0.8519,10.7243,8.2473,5.46,5.48
Llama 3 8B,Int2 Batch16,1,0.4166,0.3043,0.3604,10.2205,4.4192,5.2,5.63
Llama 3 8B,Int2 Batch16,2,0.4143,0.3022,0.3583,9.2293,4.0454,5.41,5.63
Llama 3 8B,Int2 Batch16,3,0.4128,0.304,0.3584,11.1873,4.5144,5.43,5.63
Llama 3 8B,Int4,1,0.8695,0.8638,0.8667,9.9371,8.1381,5.3,5.48
Llama 3 8B,Int4,2,0.8686,0.8609,0.8647,8.6854,8.1144,6.02,5.48
Llama 3 8B,Int4,3,0.8607,0.8495,0.8551,9.8162,8.3729,6.06,5.48
Llama 3 8B,Int8,1,0.8763,0.8791,0.8777,8.3679,8.7324,6.27,8.61
Llama 3 8B,Int8,2,0.8706,0.8663,0.8685,8.7091,8.9951,7.01,8.61
Llama 3 8B,Int8,3,0.8629,0.8574,0.8601,9.2266,8.5117,7.05,8.61
Llama 3 8B,Int8 A8W8,1,0.8723,0.8819,0.8771,8.5739,9.3876,5.3,8.61
Llama 3 8B,Int8 A8W8,2,0.8713,0.8716,0.8715,8.5285,9.8451,5.38,8.61
Llama 3 8B,Int8 A8W8,3,0.8612,0.8583,0.8598,9.7823,9.2799,5.44,8.61
Llama 3 8B,4bit K-Means,1,0.757,0.7072,0.7321,8.4446,7.6684,5.29,5.21
Llama 3 8B,4bit K-Means,2,0.7477,0.7043,0.726,8.9648,7.9276,6.01,5.21
Llama 3 8B,4bit K-Means,3,0.7439,0.6967,0.7203,8.625,7.7225,6.05,5.21
Llama 3 8B,Nf4,1,0.8699,0.8675,0.8687,7.9439,8.4371,5.28,5.31
Llama 3 8B,Nf4,2,0.871,0.8559,0.8634,8.7094,8.5219,5.47,5.31
Llama 3 8B,Nf4,3,0.855,0.8545,0.8547,8.1412,7.9844,5.48,5.31
Llama 3 8B,4bit Omniquant,1,0.841,0.8345,0.8378,11.5189,9.6368,6.37,5.44
Llama 3 8B,4bit Omniquant,2,0.8508,0.8385,0.8446,10.7094,9.8918,6.57,5.44
Llama 3 8B,4bit Omniquant,3,0.8393,0.8301,0.8347,12.9521,9.6596,6.59,5.44
Llama 3 8B,4bit Spinquant,1,0.3452,0.2211,0.2831,39.2746,35.7269,6.31,10.43
Llama 3 8B,4bit Spinquant,2,0.3359,0.2256,0.2808,38.3223,34.591,6.52,10.43
Llama 3 8B,4bit Spinquant,3,0.3452,0.2156,0.2804,38.3676,36.1384,6.54,10.43
Llama 3 8B,2bit 5% Spqr,1,0.3666,0.3978,0.3822,26.3226,4.8299,5.3,5.81
Llama 3 8B,2bit 5% Spqr,2,0.3392,0.3563,0.3478,29.5187,6.5384,6,5.81
Llama 3 8B,2bit 5% Spqr,3,0.3422,0.3785,0.3604,28.7743,6.2684,6.03,5.81
Llama 3 8B,2bit 10% Fast Spqr,1,0.6673,0.5064,0.5868,34.4347,23.545,5.82,7.75
Llama 3 8B,2bit 10% Fast Spqr,2,0.6842,0.5066,0.5954,29.866,20.6151,6.41,7.75
Llama 3 8B,2bit 10% Fast Spqr,3,0.6849,0.4933,0.5891,30.6861,21.899,6.46,7.75
Llama 3 8B,Analytical Net Mngr 5GB,1,0.4747,0.3929,0.4338,9.0946,6.0393,5.27,4.79
Llama 3 8B,Analytical Net Mngr 5GB,2,0.4738,0.3888,0.4313,8.0107,6.1896,5.45,4.79
Llama 3 8B,Analytical Net Mngr 5GB,3,0.4647,0.4049,0.4348,8.6954,5.594,5.46,4.79
Llama 3 8B,Empirical Net Mngr 5.5GB,1,0.7867,0.8235,0.8051,9.3651,10.0036,5.3,5.28
Llama 3 8B,Empirical Net Mngr 5.5GB,2,0.7737,0.8218,0.7978,10.2335,10.5217,5.81,5.28
Llama 3 8B,Empirical Net Mngr 5.5GB,3,0.7655,0.8239,0.7947,10.442,9.7254,5.81,5.28
Mistral 7B,Fp4 AWQ,1,0.8149,0.5857,0.7003,4.5907,23.5894,5.44,3.98
Mistral 7B,Fp4 AWQ,2,0.803,0.5979,0.7005,4.9164,24.2247,5.52,3.98
Mistral 7B,Fp4 AWQ,3,0.7904,0.6083,0.6994,4.5003,22.7907,5.58,3.98
Mistral 7B,Int4 AWQ,1,0.8128,0.5755,0.6942,4.5576,25.9516,5.23,3.98
Mistral 7B,Int4 AWQ,2,0.8053,0.5736,0.6894,4.9646,25.6603,5.23,3.98
Mistral 7B,Int4 AWQ,3,0.7917,0.5793,0.6855,4.5806,25.4157,5.23,3.98
Mistral 7B,Fp4,1,0.8067,0.5919,0.6993,4.5319,24.1391,5.3,3.98
Mistral 7B,Fp4,2,0.8001,0.5942,0.6972,4.7459,24.0194,5.47,3.98
Mistral 7B,Fp4,3,0.7867,0.6071,0.6969,4.3586,24.0023,5.4,3.98
Mistral 7B,Int8 Bookends,1,0.8148,0.6168,0.7158,5.1436,27.6719,5.35,7.03
Mistral 7B,Int8 Bookends,2,0.8107,0.6037,0.7072,5.5937,28.9435,5.36,7.03
Mistral 7B,Int8 Bookends,3,0.7852,0.6232,0.7042,5.1586,27.6876,5.4,7.03
Mistral 7B,Fp8,1,0.8198,0.606,0.7129,4.7541,25.6132,5.04,7.01
Mistral 7B,Fp8,2,0.81,0.6139,0.712,5.0584,26.6434,5.39,7.01
Mistral 7B,Fp8,3,0.7989,0.6279,0.7134,4.7096,25.6202,5.33,7.01
Mistral 7B,Fp8 Per Tensor,1,0.8167,0.5943,0.7055,4.8762,26.1952,5.06,7
Mistral 7B,Fp8 Per Tensor,2,0.8105,0.6115,0.711,5.2886,26.7249,5.13,7
Mistral 7B,Fp8 Per Tensor,3,0.7966,0.6186,0.7076,4.8033,26.2047,5.15,7
Mistral 7B,Full Model,1,0.8141,0.6054,0.7098,2.3843,12.4458,4.79,13.5
Mistral 7B,Full Model,2,0.8091,0.6078,0.7085,2.5638,12.7932,4.79,13.5
Mistral 7B,Full Model,3,0.7977,0.634,0.7159,2.3644,12.5806,4.79,13.5
Mistral 7B,Int2 Batch16,1,0.463,0.3046,0.3838,29.6332,33.2642,5.27,3.38
Mistral 7B,Int2 Batch16,2,0.4639,0.3071,0.3855,29.2645,33.0286,5.29,3.38
Mistral 7B,Int2 Batch16,3,0.4628,0.3088,0.3858,28.5992,33.5315,5.33,3.38
Mistral 7B,Int4,1,0.8004,0.5689,0.6846,4.8512,25.0326,5.27,3.9
Mistral 7B,Int4,2,0.7904,0.576,0.6832,5.0717,24.9082,5.29,3.9
Mistral 7B,Int4,3,0.7825,0.5994,0.691,4.7307,24.0036,5.3,3.9
Mistral 7B,Int8,1,0.8163,0.6035,0.7099,4.8302,26.3428,5.17,7.28
Mistral 7B,Int8,2,0.8098,0.599,0.7044,5.2456,27.5455,5.12,7.28
Mistral 7B,Int8,3,0.7975,0.628,0.7127,4.7525,26.1558,5.15,7.28
Mistral 7B,Int8 A8W8,1,0.8188,0.6085,0.7136,5.1876,28.2824,5.32,7.28
Mistral 7B,Int8 A8W8,2,0.8109,0.6055,0.7082,5.5118,29.3233,5.35,7.28
Mistral 7B,Int8 A8W8,3,0.7923,0.6092,0.7007,5.1378,28.9726,5.35,7.28
Mistral 7B,4bit K-Means,1,0.5098,0.4415,0.4757,9.3976,25.3777,5.3,3.75
Mistral 7B,4bit K-Means,2,0.5083,0.4414,0.4749,8.7485,25.294,5.26,3.75
Mistral 7B,4bit K-Means,3,0.5007,0.4457,0.4732,9.8519,24.1518,5.29,3.75
Mistral 7B,Nf4,1,0.8064,0.5815,0.694,4.5659,25.2738,5.27,3.98
Mistral 7B,Nf4,2,0.808,0.6013,0.7046,4.8341,25.3971,5.24,3.98
Mistral 7B,Nf4,3,0.7848,0.6002,0.6925,4.4818,25.0699,5.26,3.98
Mistral 7B,4bit Static GPTQ,1,0.8154,0.578,0.6967,4.802,24.7384,5.3,4.03
Mistral 7B,4bit Static GPTQ,2,0.8065,0.5898,0.6981,5.158,25.3724,5.31,4.03
Mistral 7B,4bit Static GPTQ,3,0.7859,0.5936,0.6898,4.6096,24.5436,5.3,4.03
Mistral 7B,4bit True GPTQ,1,0.8072,0.5775,0.6923,4.5895,24.1399,5.27,4.03
Mistral 7B,4bit True GPTQ,2,0.8016,0.5954,0.6985,4.8552,23.7901,5.26,4.03
Mistral 7B,4bit True GPTQ,3,0.7835,0.5917,0.6876,4.778,23.7985,5.28,4.03
Mistral 7B,4bit Optimized GPTQ,1,0.7959,0.5721,0.684,4.8636,24.3086,5.48,4.03
Mistral 7B,4bit Optimized GPTQ,2,0.7896,0.5704,0.68,5.0225,24.9217,5.54,4.03
Mistral 7B,4bit Optimized GPTQ,3,0.7781,0.5705,0.6743,4.78,23.8627,5.58,4.03
Mistral 7B,4bit Omniquant,1,0.8032,0.5677,0.6854,4.7688,24.481,6.24,7.93
Mistral 7B,4bit Omniquant,2,0.8012,0.5696,0.6854,5.206,26.2808,6.28,7.93
Mistral 7B,4bit Omniquant,3,0.7812,0.5727,0.677,4.9381,25.3371,6.35,7.93
Mistral 7B,2bit 5% Spqr,1,0.5283,0.3401,0.4342,19.023,46.7723,4.56,4.36
Mistral 7B,2bit 5% Spqr,2,0.5388,0.3318,0.4353,18.7503,48.5991,4.6,4.36
Mistral 7B,2bit 5% Spqr,3,0.5317,0.3415,0.4366,17.9137,47.1907,4.6,4.36
Mistral 7B,2bit 10% Fast Spqr,1,0.6672,0.424,0.5456,12.2315,47.6828,4.5,6.34
Mistral 7B,2bit 10% Fast Spqr,2,0.671,0.4074,0.5392,14.1873,50.6556,4.59,6.34
Mistral 7B,2bit 10% Fast Spqr,3,0.6386,0.4194,0.529,11.9704,49.5813,4.62,6.34
Mistral 7B,4bit Spinquant,1,0.8044,0.5816,0.693,4.6096,24.4627,5.92,3.98
Mistral 7B,4bit Spinquant,2,0.7971,0.5838,0.6904,4.9183,24.3673,5.43,3.98
Mistral 7B,4bit Spinquant,3,0.7787,0.5934,0.6861,4.5043,23.9846,5.43,3.98
Mistral 7B,Analytical Net Mngr 3.7GB,1,0.709,0.5243,0.6167,8.7289,25.813,4.55,3.65
Mistral 7B,Analytical Net Mngr 3.7GB,2,0.7095,0.5079,0.6087,9.4403,27.4972,5.19,3.65
Mistral 7B,Analytical Net Mngr 3.7GB,3,0.6649,0.5328,0.5989,9.8757,26.5321,5.14,3.65
Mistral 7B,Empirical Net Mngr 3.7GB,1,0.7251,0.5503,0.6377,6.5243,24.8855,4.99,3.67
Mistral 7B,Empirical Net Mngr 3.7GB,2,0.7163,0.5389,0.6276,7.3813,24.6331,4.67,3.67
Mistral 7B,Empirical Net Mngr 3.7GB,3,0.7041,0.5466,0.6253,7.6603,25.5889,4.83,3.67
Gemini 2.5 Flash 32B,Full Model,1,0.8933,0.9107,0.902,1.0598,1.1695,4.28,0
Gemini 2.5 Flash 32B,Full Model,2,0.8877,0.9051,0.8964,1.1047,1.9487,4.33,0
Gemini 2.5 Flash 32B,Full Model,3,0.8862,0.9041,0.8952,1.2469,1.1774,4.33,0
