Order,Experiment,Family,Method,Representation,Effective_Transformer_BPW,INT1_Fraction_pct,Residual_Coverage_pct,KV_Effective_Bits,Vocabulary_Effective_Bits,GR_EN_COMET,EN_GR_COMET,Global_COMET,Mean_Time_GR_EN_s,Mean_Time_EN_GR_s,Mean_Time_All_s,Mean_Generated_Tokens_GR_EN,Mean_Generated_Tokens_EN_GR,Tokens_Per_Second_GR_EN,Tokens_Per_Second_EN_GR,Static_VRAM_GiB,Peak_Active_VRAM_GiB,Peak_Reserved_VRAM_GiB,RAM_GiB,Max_Token_Hit_Rate_pct,Compression_Gain_vs_INT2_pct
-1,INT1 Reference,Reference,Pure INT1,100% two-centroid binary INT1,1.25000000,100.00000000,,,,0.24733333,0.32096667,0.28413333,1.92500000,7.01893333,4.47196667,,,,,1.49000000,1.80666667,,1.97333333,,42.85714286
0,INT2 Reference,Reference,Pure INT2,100% asymmetric affine INT2,2.18750000,0.00000000,,,,0.84480000,0.81763333,0.83123333,1.67780000,2.13310000,1.90545000,,,,,1.75000000,,,5.53666667,,0.00000000
1,Exp 1,Whole-matrix,16 decoder cross-attention INT1 matrices,Selective matrix INT1 + remaining INT2,2.16517857,2.38095000,,,,0.84503333,0.81303333,0.82903333,1.99316667,2.69550000,2.34433333,34.00333333,46.75666667,17.05995485,17.34619427,1.69880000,1.97300000,2.33200000,3.72000000,0.33333333,1.02040823
2,Exp 2,Whole-matrix,50 decoder cross-attention/fc2 INT1 matrices,Decoder-focused matrix INT1 + remaining INT2,2.07589286,11.90476000,,,,0.54943333,0.20573333,0.37760000,6.01980000,6.92426667,6.47203333,99.07000000,116.13000000,16.45735739,16.77145113,1.66980000,2.01200000,2.30270000,3.71333333,27.33333333,5.10204082
3,Exp 3,Whole-matrix,50 balanced encoder/decoder INT1 matrices,Balanced matrix INT1 + remaining INT2,2.07589286,11.90476000,,,,0.58086667,0.38036667,0.48060000,4.50386667,6.44613333,5.47500000,71.90333333,106.60000000,15.96480062,16.53704546,1.66980000,2.01200000,2.30270000,3.12666667,21.16666667,5.10204082
4,Exp 4,Whole-matrix,Activation-aware 32-matrix allocation,Empirical whole-matrix INT1 + remaining INT2,2.12193080,6.99404762,,,,0.70548763,0.78347222,0.74447993,2.57081538,2.54061850,2.55571694,45.94333333,46.42333333,17.87111346,18.27245347,1.68492889,2.01067543,2.31054688,,2.16666667,2.99744896
5,Exp 5,Whole-matrix,Layer-constrained 24-matrix allocation,Layer-constrained whole-matrix INT1 + remaining INT2,2.12890625,6.25000000,,,,0.80651705,0.80553409,0.80602557,2.26723035,2.86928489,2.56825762,35.83333333,45.97000000,15.80489314,16.02141359,1.68721771,2.01312876,2.31250000,,0.66666667,2.67857143
6,Exp 6,BlockMix,BlockMix-25 activation-aware,25% block INT1 + 75% block INT2,1.96093750,25.00000000,,,,0.67913333,0.51846667,0.59880000,2.64500000,3.16123333,2.90311667,52.44333333,64.82333333,19.82734720,20.50570980,1.63540000,1.96400000,2.15230000,3.38333333,6.50000000,10.35714286
7,Exp 7,BlockMix,BlockMix-15 protected,15% protected block INT1 + 85% INT2,2.05468777,14.99997000,,,,0.78323333,0.70626667,0.74473333,1.70436667,2.14230000,1.92333333,35.45666667,44.50000000,20.80342649,20.77206740,1.67110000,1.96150000,2.12300000,1.91000000,0.16666667,6.07141623
8,Exp 8,ResidualMix,ResidualMix-40,Universal binary base + 40% binary residual,1.75312460,,39.99997000,,,0.22383333,0.17213333,0.19796667,6.58766667,6.26770000,6.42768333,135.05000000,130.70000000,20.50043010,20.85294446,1.56920000,1.90520000,2.07620000,1.92000000,25.00000000,19.85716114
9,Exp 9,ResidualMix,ResidualMix-80 protected,Universal binary base + 80% symmetric residual,2.15624930,,79.99994000,,,0.33170000,0.19223333,0.26196667,6.29053333,4.36230000,5.32641667,103.51666667,74.53333333,16.45594438,17.08578808,1.70620000,2.05190000,2.24220000,3.13333333,11.50000000,1.42860343
10,Exp 10,Delta-Damage,Delta-Damage 15.89%,Architecture-constrained block INT1/INT2 + exact weighted binary fitting,2.04634300,15.89006700,,,,0.82563333,0.79953333,0.81256667,1.41813333,1.79650000,1.60731667,34.89666667,45.04000000,24.60746521,25.07097133,1.66080000,1.93940000,2.04690000,1.94333333,0.16666667,6.45289143
11,Exp 11,Delta-Damage,Delta-Damage 31.61%,Aggressive Delta-Damage block INT1/INT2,1.89899800,31.60691000,,,,0.76940000,0.70310000,0.73626667,1.58320000,2.03043333,1.80681667,34.48000000,44.89333333,21.77867610,22.11022278,1.61750000,1.91890000,2.09380000,2.41000000,0.66666667,13.18866286
12,Exp 12,Delta-Damage,Delta-Damage 20.35%,Near-2-bpw Delta-Damage block INT1/INT2,2.00449044,20.35435300,,,,0.80816667,0.79290000,0.80050000,1.54553333,1.84576667,1.69565000,35.78333333,43.54666667,23.15274123,23.59272570,1.65010000,1.94130000,2.12700000,1.78333333,0.16666667,8.36615115
13,Exp 13,Systems,Fused Delta-Damage,Exp 12 transformer + fused packed execution,2.00449044,20.35435300,,,,0.80650000,0.79030000,0.79840000,2.16743333,2.32526667,2.24635000,35.85000000,44.26000000,16.54030112,19.03437599,1.65530000,1.92250000,2.08590000,3.30000000,0.16666667,8.36615115
14,Exp 14,Systems,Fused Delta-Damage + INT8 self-KV,Exp 13 transformer + INT8 self-attention KV cache,2.00449044,20.35435300,,8.12500000,,0.80723333,0.78920000,0.79823333,2.35333333,2.55140000,2.45236667,35.80666667,44.23333333,15.21529745,17.33688694,1.65530000,1.84970000,2.00780000,1.82666667,0.16666667,8.36615115
15,Exp 15,Systems,Fused Delta-Damage + INT8 tied vocabulary,Exp 13 transformer + row-wise INT8 tied vocabulary,2.00449044,20.35435300,,,8.00781250,0.24166667,0.23600000,0.23883333,11.65086667,11.31453333,11.48270000,239.91333333,147.62666667,20.59188730,13.04752590,1.16710000,1.47590000,1.65230000,1.68666667,75.50000000,8.36615115
